{
"WA":[-77.0368707, 38.9071923],
"DE":[-75.52766989999999, 38.9108325],
"DC":[-77.0368707, 38.9071923],
"WI":[-88.7878678, 43.7844397],
"WV":[-80.4549026, 38.5976262],
"HI":[-155.5827818, 19.8967662],
"FL":[-81.5157535, 27.6648274],
"WY":[-107.2902839, 43.0759678],
"NH":[-71.5723953, 43.1938516],
"NJ":[-74.4056612, 40.0583238],
"NM":[-105.8700901, 34.5199402],
"TX":[-99.9018131, 31.9685988],
"LA":[-91.96233269999999, 30.9842977],
"AK":[-149.4936733, 64.2008413],
"NC":[-79.01929969999999, 35.7595731],
"ND":[-101.0020119, 47.5514926],
"NE":[-99.9018131, 41.4925374],
"TN":[-86.5804473, 35.5174913],
"NY":[-74.0059413, 40.7127837],
"PA":[-77.1945247, 41.2033216],
"RI":[-71.4774291, 41.5800945],
"NV":[-116.419389, 38.8026097],
"VA":[-78.6568942, 37.4315734],
"GU":[144.793731, 13.444304],
"CO":[-105.7820674, 39.5500507],
"VI":[-64.896335, 18.335765],
"CA":[-119.4179324, 36.778261],
"AL":[-86.902298, 32.3182314],
"AS":[-170.6961815, -14.3060204],
"AR":[-91.8318334, 35.20105],
"VT":[-72.57784149999999, 44.5588028],
"IL":[-89.3985283, 40.6331249],
"GA":[-82.9000751, 32.1656221],
"IN":[-86.1349019, 40.2671941],
"IA":[-93.097702, 41.8780025],
"OK":[-97.092877, 35.0077519],
"AZ":[-111.0937311, 34.0489281],
"ID":[-114.7420408, 44.0682019],
"CT":[-73.087749, 41.6032207],
"ME":[-69.4454689, 45.253783],
"MD":[-76.64127119999999, 39.0457549],
"MA":[-71.3824374, 42.4072107],
"OH":[-82.90712300000001, 40.4172871],
"UT":[-111.0937311, 39.3209801],
"MO":[-91.8318334, 37.9642529],
"MN":[-94.6858998, 46.729553],
"MI":[-85.60236429999999, 44.3148443],
"KS":[-98.4842465, 39.011902],
"MT":[-110.3625658, 46.8796822],
"MP":[145.6739, 15.0979],
"MS":[-89.3985283, 32.3546679],
"PR":[-66.590149, 18.220833],
"SC":[-81.1637245, 33.836081],
"KY":[-84.2700179, 37.8393332],
"OR":[-120.5542012, 43.8041334],
"SD":[-99.9018131, 43.9695148],
"PT":[152, 10.5]
}